Sample,Pressure,Temperature,logfO2,H+,HCO3-,CH4
id,bar,degC,logfO2,pH,Molality,Molality
cold fluid,1000.0,2,-85.45264418294951,7.213846875687128,2.5944336169231975e-16,0.00999999999999974
hot fluid,1000.0,500,-24.521703601214135,5.7313163913323635,0.0037839174190177267,0.006216082580982274
