Sample,Pressure,Temperature,logfO2,H+,HCO3-,CH4
id,bar,degC,logfO2,pH,Molality,Molality
cold fluid,1000.0,2,-85.45264418294951,7.213846875687128,2.5944336169231975e-16,0.00999999999999974
hot fluid,1000.0,300,-34.099248169032904,5.311985563361584,0.009477203567452387,0.000522796432547613
