Sample,Pressure,Temperature,logfO2,H+,HCO3-,CH4
id,bar,degC,logfO2,pH,Molality,Molality
cold fluid,1000.0,10,-82.69585235481694,7.0654284773897125,1.3219873565359087e-15,0.009999999999998678
hot fluid,1000.0,500,-21.521703601214135,5.7313163913323635,0.009999983572388927,1.6427611073538406e-08
