Sample,Pressure,Temperature,logfO2,H+,HCO3-,CH4
id,bar,degC,logfO2,pH,Molality,Molality
cold fluid,1000.0,2,-85.45264418294951,7.213846875687128,2.5944336169231975e-16,0.00999999999999974
hot fluid,1000.0,500,-21.521703601214135,5.7313163913323635,0.0009999983572388925,1.6427611074839449e-09
